{
  "model_type": "gpt",
  "num_val_samples": 80,
  "val_mse": 0.012834972655400633,
  "val_mse_visual": 0.012834972655400633,
  "ssim": 0.692923778295517,
  "psnr": 19.377930068969725,
  "val_mse_motor_strip": 0.007053248910233378,
  "val_mse_action_1": 0.013420387804724796,
  "val_mse_action_2": 0.012154624992478135,
  "val_mse_static": 0.002828083132772008,
  "val_mse_dynamic": 0.02554521585116163,
  "motor_position_mae_per_joint": [
    3.7057985801391427,
    0.5800832389316966,
    1.0953117678368671,
    0.15722581564226196,
    0.6953207191547068,
    0.04870527237737621
  ],
  "motor_position_mae_mean": 1.0470742323470086,
  "motor_velocity_mae_mean": 0.05938452831697667,
  "motor_position_mae_by_action": {
    "1": 1.2785341819284415,
    "2": 0.7780802368875053
  },
  "motor_direction_accuracy": 0.85625,
  "motor_consistency_error": 1.4058788221898344,
  "gpt_teacher_forcing_loss": 0.005321807367727161,
  "gpt_free_running_loss": 0.012702075415290892,
  "gpt_tf_fr_gap": 0.007380268047563731,
  "gpt_per_position_loss": [
    0.004861523397266865,
    0.004506099969148636,
    0.003204561537131667,
    0.004732325207442045,
    0.00242248410359025,
    0.0021533016115427017,
    0.0009612279827706516,
    0.000908319023437798,
    0.0007094400352798402,
    0.0005995625397190452,
    0.0006560850306414068,
    0.007322902325540781,
    0.007887925021350384,
    0.008434999734163284,
    0.005643439944833517,
    0.0016325338510796428,
    0.0017819441854953766,
    0.0022810527589172125,
    0.001855220878496766,
    0.001114786951802671,
    0.0010007699020206928,
    0.0009879303397610784,
    0.0010525891557335854,
    0.0018982859328389168,
    0.007306058891117573,
    0.007419574540108442,
    0.009422458708286285,
    0.010907761752605438,
    0.0018195969751104712,
    0.0018311934545636177,
    0.0007767949136905372,
    0.001591009320691228,
    0.0012904034228995442,
    0.0005263203638605773,
    0.0008972488576546311,
    0.0007009443361312151,
    0.001055617001838982,
    0.004173845984041691,
    0.00634868536144495,
    0.007554418873041868,
    0.007798978127539158,
    0.009814316406846046,
    0.002099741715937853,
    0.001855366863310337,
    0.0017178511479869485,
    0.0012830669293180108,
    0.0010764622129499912,
    0.0006726385909132659,
    0.0008517615497112274,
    0.0007476932951249182,
    0.0018990392563864589,
    0.005615317262709141,
    0.0063877590000629425,
    0.005933867301791906,
    0.007490382995456457,
    0.00854279100894928,
    0.0009056082926690578,
    0.0011722302297130227,
    0.0008107403409667313,
    0.0006589213735423982,
    0.0007266278844326735,
    0.0009496309794485569,
    0.0007451408309862018,
    0.0007504298118874431,
    0.0015431062784045935,
    0.005841970909386873,
    0.005437376908957958,
    0.0056713963858783245,
    0.005637405905872583,
    0.008104528300464153,
    0.0010921608190983534,
    0.0010041379136964679,
    0.0005993686500005424,
    0.0005023489939048886,
    0.0006445838953368366,
    0.000503266928717494,
    0.0003741056425496936,
    0.0019369680667296052,
    0.0038362008053809404,
    0.0032798468600958586,
    0.0019754201639443636,
    0.0034942724741995335,
    0.0036205481737852097,
    0.00339377555064857,
    0.001732816337607801,
    0.00104247173294425,
    0.0005509717739187181,
    0.00033834375790320337,
    0.00041649225750006735,
    0.00035947441938333213,
    0.00029336308944039047,
    0.0005363687523640692,
    0.0017732781125232577,
    0.0018062310991808772,
    0.0011551396455615759,
    0.0023862950038164854,
    0.004093342460691929,
    0.002484158845618367,
    0.0007813092670403421,
    0.0007108422578312457,
    0.0006590982084162533,
    0.0005319581250660121,
    0.000429072038969025,
    0.0003768749884329736,
    0.0003345891600474715,
    0.0008667015354149044,
    0.0010392576223239303,
    0.0012747276341542602,
    0.0006829772028140724,
    0.0010518908966332674,
    0.0012866490287706256,
    0.004403381142765284,
    0.001131075550802052,
    0.0005293666617944837,
    0.0005535595118999481,
    0.0005472147604450583,
    0.0005214179982431233,
    0.00046858584391884506,
    0.0003579509211704135,
    0.0007618512026965618,
    0.0009257268393412232,
    0.0006893472163937986,
    0.0004402905178721994,
    0.0003725754504557699,
    0.0018447065958753228,
    0.006861192174255848,
    0.0008258469752036035,
    0.0004309970827307552,
    0.00040896484279073775,
    0.0005075667868368328,
    0.0004997856449335814,
    0.0003093232517130673,
    0.00025696572265587747,
    0.0004112935275770724,
    0.0005623166798613966,
    0.0007047895924188197,
    0.00038240646244958043,
    0.0006226936238817871,
    0.0035433105658739805,
    0.005100529175251722,
    0.0003296078066341579,
    0.00024122724425978959,
    0.0002597123384475708,
    0.00027958396822214127,
    0.0003819171688519418,
    0.0003135418228339404,
    0.0002713135618250817,
    0.00038502138340845704,
    0.000573310477193445,
    0.0007855239673517644,
    0.0012292162282392383,
    0.0024404132273048162,
    0.0036319957580417395,
    0.004628409631550312,
    0.00036581195308826864,
    0.00030762815731577575,
    0.0002909139438997954,
    0.0003399232809897512,
    0.00037724620779044926,
    0.00033994423574768007,
    0.00027102933381684124,
    0.00016498909099027514,
    0.00019821585738100111,
    0.0006637340993620455,
    0.0009361808188259602,
    0.005062593147158623,
    0.0014768585097044706,
    0.003968731500208378,
    0.000360875012120232,
    0.0002490367041900754,
    0.00025488142273388803,
    0.0003380131383892149,
    0.0002986131585203111,
    0.0003270907327532768,
    0.0002800547517836094,
    0.0002561614674050361,
    0.00021463916345965117,
    0.00022726871247868985,
    0.0007229853072203696,
    0.0015454746317118406,
    0.0006188320694491267,
    0.0021694405004382133,
    0.00031159367063082755,
    0.0002458216331433505,
    0.00026877643540501595,
    0.0003141923516523093,
    0.00033221099874936044,
    0.0002941777347587049,
    0.0004913086304441094,
    0.0005926141748204827,
    0.0005061130505055189,
    0.0003692582540679723,
    0.00034850186784751713,
    0.0010485420934855938,
    0.000988826504908502,
    0.0013444377109408379,
    0.02606225572526455,
    0.016791243106126785,
    0.014502118341624737,
    0.014379717409610748,
    0.01282030250877142,
    0.014846875332295895,
    0.019897757098078728,
    0.02144620381295681,
    0.022803785279393196,
    0.019974766299128532,
    0.021495437249541283,
    0.026724202558398247,
    0.018564002588391304,
    0.020649723708629608,
    0.019861852750182152,
    0.016636835411190987,
    0.010490319691598415,
    0.012950745411217213,
    0.011417577043175697,
    0.010774980299174786,
    0.016113387420773506,
    0.023932263255119324,
    0.0178922638297081,
    0.016145745292305946,
    0.015800809487700462,
    0.012254100292921066,
    0.009685060009360313,
    0.011317722499370575,
    0.020091641694307327,
    0.015417602844536304,
    0.011206350289285183,
    0.01374752540141344,
    0.010098269209265709,
    0.009757055900990963,
    0.014010913670063019,
    0.017727825790643692,
    0.01623508892953396,
    0.01667674258351326,
    0.01150300819426775,
    0.009076801128685474,
    0.009279870428144932,
    0.007519869599491358,
    0.016670426353812218,
    0.011525320820510387,
    0.01374569721519947,
    0.012449805624783039,
    0.00887230597436428,
    0.007595572620630264,
    0.011131314560770988,
    0.015087738633155823,
    0.013962834142148495,
    0.015843085944652557,
    0.012371067889034748,
    0.008622419089078903,
    0.00998502504080534,
    0.008985589258372784,
    0.013996553607285023,
    0.00973616261035204,
    0.010807898826897144,
    0.01081873383373022,
    0.009203613735735416,
    0.007209453731775284,
    0.009913402609527111,
    0.013459078036248684,
    0.01404554396867752,
